model,edit_format,language,dirname,test_cases,commit_hash,pass_rate_1,pass_rate_2,pass_num_1,pass_num_2,percent_cases_well_formed,error_outputs,num_malformed_responses,num_with_malformed_responses,user_asks,lazy_comments,syntax_errors,indentation_errors,exhausted_context_windows,prompt_tokens,completion_tokens,test_timeouts,total_tests,command,date,versions,seconds_per_case,total_cost
openai/devstral-small,diff,cpp,2026-06-19-17-14-52--devstral-small-diff-cpp,26,5dc9490-dirty,3.8,23.1,1,6,100.0,1,0,0,45,0,0,0,1,569047,32371,2,225,aider --model openai/devstral-small,2026-06-19,0.86.3.dev,130.6,0.0
openai/devstral-small,diff,python,2026-06-19-16-55-28--devstral-small-diff-python,34,5dc9490-dirty,0.0,23.5,0,8,85.3,19,19,5,1,0,0,0,0,509272,54435,1,225,aider --model openai/devstral-small,2026-06-19,0.86.3.dev,119.3,0.0
openai/devstral-small,whole,cpp,2026-06-19-16-31-50--devstral-small-whole-cpp,26,5dc9490-dirty,3.8,11.5,1,3,100.0,1,0,0,59,0,0,0,0,585496,49479,2,225,aider --model openai/devstral-small,2026-06-19,0.86.3.dev,158.5,0.0
openai/devstral-small,whole,python,2026-06-19-16-15-40--devstral-small-whole-python,34,5dc9490-dirty,2.9,8.8,1,3,100.0,0,0,0,1,0,0,0,0,258710,44789,1,225,aider --model openai/devstral-small,2026-06-19,0.86.3.dev,88.4,0.0
openai/gemma4-12b,diff,cpp,2026-06-21-01-37-45--gemma4-12b-diff-cpp,26,5dc9490-dirty,0.0,15.4,0,4,100.0,51,0,0,59,0,0,0,51,56580,41798,0,225,aider --model openai/gemma4-12b,2026-06-21,0.86.3.dev,419.5,0.0
openai/gemma4-12b,diff,python,2026-06-21-00-40-02--gemma4-12b-diff-python,34,5dc9490-dirty,0.0,5.9,0,2,100.0,64,0,0,64,0,0,0,64,19027,18666,0,225,aider --model openai/gemma4-12b,2026-06-21,0.86.3.dev,376.4,0.0
openai/gemma4-12b,whole,cpp,2026-06-20-23-46-59--gemma4-12b-whole-cpp,26,5dc9490-dirty,0.0,11.5,0,3,100.0,51,0,0,62,0,0,0,51,52807,64015,0,225,aider --model openai/gemma4-12b,2026-06-20,0.86.3.dev,435.0,0.0
openai/gemma4-12b,whole,python,2026-06-20-22-52-29--gemma4-12b-whole-python,34,5dc9490-dirty,0.0,5.9,0,2,100.0,63,0,0,63,0,0,0,63,15651,29542,0,225,aider --model openai/gemma4-12b,2026-06-20,0.86.3.dev,358.8,0.0
openai/gemma4-26b-a4b,diff,cpp,2026-06-20-21-55-52--gemma4-26b-a4b-diff-cpp,26,5dc9490-dirty,0.0,3.8,0,1,100.0,52,0,0,75,0,0,0,52,107443,113120,0,225,aider --model openai/gemma4-26b-a4b,2026-06-20,0.86.3.dev,449.3,0.0
openai/gemma4-26b-a4b,diff,python,2026-06-20-21-13-43--gemma4-26b-a4b-diff-python,34,5dc9490-dirty,2.9,8.8,1,3,100.0,61,0,0,61,0,0,0,61,22837,29145,0,225,aider --model openai/gemma4-26b-a4b,2026-06-20,0.86.3.dev,279.3,0.0
openai/gemma4-26b-a4b,whole,cpp,2026-06-20-20-21-03--gemma4-26b-a4b-whole-cpp,26,5dc9490-dirty,0.0,19.2,0,5,100.0,51,0,0,70,0,0,0,51,94993,104174,0,225,aider --model openai/gemma4-26b-a4b,2026-06-20,0.86.3.dev,430.1,0.0
openai/gemma4-26b-a4b,whole,python,2026-06-20-19-38-02--gemma4-26b-a4b-whole-python,34,5dc9490-dirty,0.0,2.9,0,1,100.0,67,0,0,67,0,0,0,67,2909,4927,0,225,aider --model openai/gemma4-26b-a4b,2026-06-20,0.86.3.dev,269.2,0.0
openai/gemma4-31b,diff,cpp,2026-06-20-17-00-20--gemma4-31b-diff-cpp,26,5dc9490-dirty,7.7,46.2,2,12,100.0,35,0,0,97,0,0,0,35,462847,305984,0,225,aider --model openai/gemma4-31b,2026-06-20,0.86.3.dev,1366.1,0.0
openai/gemma4-31b,diff,python,2026-06-20-15-37-22--gemma4-31b-diff-python,34,5dc9490-dirty,8.8,70.6,3,24,100.0,11,0,0,11,0,0,0,11,287923,226454,0,225,aider --model openai/gemma4-31b,2026-06-20,0.86.3.dev,549.5,0.0
openai/gemma4-31b,whole,cpp,2026-06-20-12-43-57--gemma4-31b-whole-cpp,26,5dc9490-dirty,7.7,50.0,2,13,100.0,32,0,0,121,0,0,0,32,622102,380460,0,225,aider --model openai/gemma4-31b,2026-06-20,0.86.3.dev,1460.6,0.0
openai/gemma4-31b,whole,python,2026-06-20-11-22-40--gemma4-31b-whole-python,34,5dc9490-dirty,14.7,64.7,5,22,100.0,13,0,0,13,0,0,0,13,194915,213343,0,225,aider --model openai/gemma4-31b,2026-06-20,0.86.3.dev,523.8,0.0
openai/gpt-oss-20b,diff,cpp,2026-06-21-04-17-12--gpt-oss-20b-diff-cpp,26,5dc9490-dirty,0.0,7.7,0,2,96.2,50,1,1,55,0,0,0,49,76520,53462,0,225,aider --model openai/gpt-oss-20b,2026-06-21,0.86.3.dev,295.0,0.0
openai/gpt-oss-20b,diff,python,2026-06-21-03-40-12--gpt-oss-20b-diff-python,34,5dc9490-dirty,0.0,0.0,0,0,100.0,63,0,0,63,0,0,0,63,21608,28803,0,225,aider --model openai/gpt-oss-20b,2026-06-21,0.86.3.dev,245.8,0.0
openai/gpt-oss-20b,whole,cpp,2026-06-21-03-06-38--gpt-oss-20b-whole-cpp,26,5dc9490-dirty,0.0,3.8,0,1,100.0,50,0,0,57,0,0,0,50,28165,45947,0,225,aider --model openai/gpt-oss-20b,2026-06-21,0.86.3.dev,288.4,0.0
openai/gpt-oss-20b,whole,python,2026-06-21-02-29-17--gpt-oss-20b-whole-python,34,5dc9490-dirty,0.0,5.9,0,2,100.0,64,0,0,64,0,0,0,64,10397,23545,0,225,aider --model openai/gpt-oss-20b,2026-06-21,0.86.3.dev,246.5,0.0
openai/north-mini-code,diff,cpp,2026-06-19-12-47-20--north-diff-cpp,26,5dc9490-dirty,3.8,15.4,1,4,92.3,48,2,2,81,0,0,0,46,170199,119304,0,225,aider --model openai/north-mini-code,2026-06-19,0.86.3.dev,407.5,0.0
openai/north-mini-code,diff,python,2026-06-19-08-08-58--north-diff-python,34,5dc9490,8.8,20.6,3,7,97.1,34,4,1,30,1,0,0,30,163958,137330,0,225,aider --model openai/north-mini-code,2026-06-19,0.86.3.dev,227.5,0.0
openai/north-mini-code,diff,cpp,2026-06-19-15-21-30--north-mini-code-diff-cpp,1,5dc9490-dirty,0.0,0.0,0,0,100.0,2,0,0,2,0,0,0,2,0,0,0,225,aider --model openai/north-mini-code,2026-06-19,0.86.3.dev,136.3,0.0
openai/north-mini-code,diff,python,2026-06-19-15-19-23--north-mini-code-diff-python,1,5dc9490-dirty,0.0,0.0,0,0,100.0,1,0,0,1,0,0,0,1,2588,2307,0,225,aider --model openai/north-mini-code,2026-06-19,0.86.3.dev,88.0,0.0
openai/north-mini-code,whole,cpp,2026-06-19-15-14-39--north-mini-code-whole-cpp,1,5dc9490-dirty,0.0,0.0,0,0,100.0,2,0,0,4,0,0,0,2,16562,3730,0,225,aider --model openai/north-mini-code,2026-06-19,0.86.3.dev,242.3,0.0
openai/north-mini-code,whole,python,2026-06-19-15-12-12--north-mini-code-whole-python,1,5dc9490-dirty,0.0,0.0,0,0,100.0,1,0,0,5,0,0,0,1,3187,2722,0,225,aider --model openai/north-mini-code,2026-06-19,0.86.3.dev,84.6,0.0
openai/north-mini-code,whole,cpp,2026-06-19-11-35-31--north-whole-cpp,26,5dc9490-dirty,0.0,23.1,0,6,100.0,49,0,0,102,0,0,0,49,191955,126928,0,225,aider --model openai/north-mini-code,2026-06-19,0.86.3.dev,478.2,0.0
openai/north-mini-code,whole,python,2026-06-19-07-23-31--north-whole-python,34,5dc9490,8.8,26.5,3,9,100.0,35,0,0,42,2,0,0,35,70562,101632,0,225,aider --model openai/north-mini-code,2026-06-19,0.86.3.dev,227.5,0.0
openai/qwen36-27b,diff,cpp,2026-06-20-02-38-35--qwen36-27b-diff-cpp,26,5dc9490-dirty,23.1,69.2,6,18,92.3,8,2,2,84,0,0,0,6,586862,472566,0,225,aider --model openai/qwen36-27b,2026-06-20,0.86.3.dev,2020.5,0.0
openai/qwen36-27b,diff,python,2026-06-20-00-31-19--qwen36-27b-diff-python,34,5dc9490-dirty,44.1,61.8,15,21,100.0,20,0,0,19,0,0,0,19,127750,174699,0,225,aider --model openai/qwen36-27b,2026-06-20,0.86.3.dev,858.5,0.0
openai/qwen36-27b,whole,cpp,2026-06-19-19-46-15--qwen36-27b-whole-cpp,26,5dc9490-dirty,30.8,84.6,8,22,100.0,4,0,0,141,0,0,0,3,777993,559768,0,225,aider --model openai/qwen36-27b,2026-06-19,0.86.3.dev,2538.9,0.0
openai/qwen36-27b,whole,python,2026-06-19-17-39-24--qwen36-27b-whole-python,34,5dc9490-dirty,38.2,70.6,13,24,100.0,15,0,0,15,0,0,0,15,104261,198064,0,225,aider --model openai/qwen36-27b,2026-06-19,0.86.3.dev,858.7,0.0
openai/qwen36-35b-a3b,diff,cpp,2026-06-20-09-59-43--qwen36-35b-a3b-diff-cpp,26,5dc9490-dirty,30.8,61.5,8,16,96.2,17,1,1,78,0,0,0,15,549974,407836,0,225,aider --model openai/qwen36-35b-a3b,2026-06-20,0.86.3.dev,706.5,0.0
openai/qwen36-35b-a3b,diff,python,2026-06-20-09-13-19--qwen36-35b-a3b-diff-python,34,5dc9490-dirty,32.4,58.8,11,20,100.0,17,0,0,18,0,0,0,17,158750,213768,0,225,aider --model openai/qwen36-35b-a3b,2026-06-20,0.86.3.dev,311.6,0.0
openai/qwen36-35b-a3b,whole,cpp,2026-06-20-07-10-16--qwen36-35b-a3b-whole-cpp,26,5dc9490-dirty,23.1,69.2,6,18,100.0,11,0,0,146,0,0,0,10,689974,643226,0,225,aider --model openai/qwen36-35b-a3b,2026-06-20,0.86.3.dev,1059.9,0.0
openai/qwen36-35b-a3b,whole,python,2026-06-20-06-27-45--qwen36-35b-a3b-whole-python,34,5dc9490-dirty,41.2,58.8,14,20,100.0,15,0,0,15,0,0,0,15,98513,211304,0,225,aider --model openai/qwen36-35b-a3b,2026-06-20,0.86.3.dev,286.9,0.0
openai/north-mini-code,whole,python,2026-06-19-07-04-43--smoke-test-whole-python,5,5dc9490-dirty,0.0,20.0,0,1,100.0,4,0,0,6,0,0,0,4,18131,20023,0,225,aider --model openai/north-mini-code,2026-06-19,0.86.3.dev,85.6,0.0
